Wallets,Twitter,Positive,Negative,Neutral
0xF1ee8D5A329ee8D51e64105f84A86Bc0b60C9217,0xSkim,51.85,8.98,39.17
0xb32121aba39913bC7dfDb4969Ae41Aa952ab9733," TotsNFTs
",37.07,44.71,18.22
0x32eCf437eDd0A457E65AE507f95f8E0D48E7d8F6,"_LetMeDo_
",51.92,43.14,4.92
0xF7a7f0402c1b4835E1Cb1edcd90429b6F65D09B3,_Madkitty_,21.03,66.30,12.67
0x6c2804Ea8aB7833FE509D32b828F3a1bf61b6Bf0,_nasteenish_,46.71,34.29,19.01
0x52847B12cc8B14D3637a313912f4A27040997Af9,_ObeyyMF,8.73,12.36,0.26
0xE2D51A19a7AB194a9AD69263e0189b1027AFB9aa,@Cristiano,13.87,73.23,12.90
0x1204d50f17b9e84f34595b9d45274f8a241904d8,@MoraleNYS_,42.55,34.32,23.13
0xE0DDd00077c1067aCD3283F6c29EaFe5392cABE4,@nft__king1,8.55,79.22,12.24
0x4Afc6C7A6abeD3941808417e0771b11788690862,@Shmaeyo_smile,45.71,33.10,21.19
0x0855355668C149842338e0CfEDC41e01dB4E1424,@tibo_nft,15.62,66.81,17.57
0xE4efEfAd0fc0f66487EcD341199545EC99e0973C,@UltronMania4290,36.75,37.12,26.13
0x17cA2Cce1E196B2e93bD194Ddf4A808B0eEE4805,@Walter05NFT,9.15,70.62,20.23
0x9A9B304D9EDe683f7A06e5C728a7638c299DAE59,0xAZZZZ,23.96,62.58,13.46
0x6aDc6084B9765e0130a3CbFF02aF6f11EDb0072D,0xBenzel,39.01,42.68,18.31
0x4Fc4a4c9967F14142537D8841ad7B7ecaf26e5bC,0xdani3l,12.94,71.92,15.14
0x981AE75f1dAfB46460099e3B696DF20dAadC105B,0xdeepmouse,53.27,25.23,21.50
0x780E9A7ffBa019ae79933278b8d92C007F1852D3,"0xLTR
",23.96,62.58,13.46
0x28e7aEb2dD2B0A5CFcEED2F30E663792B08ef533,0xMarius,39.01,42.68,18.31
0x502ef292d0b19F2e9D1AE1A4832e5339c554d86E,0xSauceguy,12.94,71.92,15.14
0x3e57efEf507b4db7aCFa2eE79CeCA6B19e18D106,"0xSunNFT
",53.27,25.23,21.50
0x06DB76240e2feE5a2DB7B713B0235dc3F755C2B8,0xUncleSam,12.46,77.36,10.19
0x957AF732BD817500F38D4FE6922AC732ECB7040F,1nn0___,40.82,44.63,14.53
0xB8C08648eF9151d5a79f7020317ABEce55BFa126,Aaronyeo96,32.61,50.75,16.65
0xd100a7639581AC1Ed6fe6938b7a68b3AB051534b,AbiolaBiobeng,17.24,66.41,16.36
0x92e300B5B65e9A812Bd6d1eff51b7ec94ba561b8,AfaraShannon1,29.29,52.06,18.65
0x3B3655d6047Fd0784d4D11C60147354e761104fb,AlekHauk,34.03,45.01,20.97
0xB8d788b8E8e33B2aaa5D0247967Bd1B49430E3Ef,"alexkoooo2
",26.43,56.08,17.49
0x6d794a869E23e406406E00b3bdd51F9974F8296d,AlexSmi37522261,32.27,45.67,22.06
0xc1238e458b18e4985aFfc42535E032A8BA041001,ALIVIASSIVA1,45.56,37.16,17.28
0xaf65fc7cc19d20decda6e17d87c3573019b5bfe8,Alyx7101,39.88,43.35,16.76
0x2cE4833560f0b4ADD5FA7F721334E2F6bD3508Db,ammar_eth,43.19,48.46,8.34
0x10cdaCd646dd468972529ad1C9848E14626D4Bbc,anionoina,24.07,46.97,28.94
0x2D2685BBF2C1C1f7795259dC22e6158C8B145B20,AnnalisaPicard,19.14,71.43,9.44
0xc3f4dBAEB8F0dd2A4dF4C1857fD91e7110CA2e9A,its_krishh_,70.22,24.39,5.38
0xfA69FC2bDFF6E9c87bD4fD72Dd6ec01db18ef9a2,thunderxdxd,33.58,56.79,9.61
0x676B4EB08867b83d3B026183483c47823aA71Ed9,@minhoeth,,,
0x88652A4dEA091464BF4f8EC200CbD27c5b73890f,@0xCondition,,,
0xDe81e26b46d65b8f64AEedB973c981ABF893afF7,@HanGoSolo_,43.23,44.28,12.49
0xbF682a3a08c8F369eC37D90E38afc8bCD8e9E909,LEOO1757,45.33,10.72,43.95
0xd647D835A8E421550043Dda453431c475114CCd7,AprilFo27816269,18.40,64.94,16.65
0x2061b245593A51cdAdE206366C6fb1A85CE50121,"aqiuWeb3
",32.45,51.91,15.64
0x5bbfa0B23494849601d4B9323A40AA73A15315aA,Arc_eth,15.87,70.71,13.42
0x94A6e440DaC6e798df54B92661d13d48Cef45783,ArmanAkopyan2,32.69,54.33,12.96
0xa455dfdC061FC5BeCDBa827dd43d135F0f84d54D,asdfghjkathy_,87.37,12.36,0.26
0x058b3841D37bf378f2305f452Bcb3812B2e98177,AsianB0i_,32.19,50.11,17.68
0x86d1b48DC015f8ACb88B251B81885aB8cD3FF548,asimpledream,40.43,47.52,12.04
0xF56bcAcA6495FcC2fcC78599075415787E2C2351,AveriEth,23.89,62.96,13.15
0x3EdC6fC51E3fb43857e4a7a7755eb4B61c477077,azanxo,38.89,35.64,25.48
0xBF45071a561184623E11bf6F21fdC840B490828a,azmatullah4444,52.87,40.96,6.15
0xFa95cCA375DAdF1649B9Dcf1787f8978C9bD7370,BEAST_NFTT,52.92,34.00,13.07
0xADe9b1e0c9E8263FE638b83F69aCbB0e7763e492,BerireElva52261,49.79,34.01,16.20
0x6E7CCb9B1f467578c6dF8603277290c9b1c70bac,Bigsameth,41.20,41.91,16.87
0x897Dfdc2D61eeEbf0a9bc73366C9E66D0Df77395,Bilbsi,42.38,41.35,16.27
0xeDe7e679aEbe468A6F91822C50Ec1F9506958480,biscuitparty,16.79,71.53,11.68
0x1E875dD9B00E9d1E0C00D24d2D431e53E5689e45,BizzyXBT,35.01,47.19,17.80
0xF1E284181979dAcd1e9cda27D7a39F671B20284E,blacknsummer,39.41,49.90,10.68
0xEC0bEcFB61010241C982c119C373436890988119,"Blairza11
",25.78,66.55,7.68
0x803df49697aE9e42c9C2Ad9911F358b57cA60edD,boostey2012,32.33,57.41,10.26
0xb81b4B8c06079f2623692974F1Ea6ef632d616B1,boundearly,22.48,64.00,13.50
0x6370B693D2DedD9E7b9d56536f504629F29D10F9,burl_tillman,40.14,43.46,16.39
0x0d86df45E63D3Ac37b32B66B6cf8A8e9b021304F,Bushdid911tho,21.93,50.09,27.96
0xDa2a6295A6223e15D2E1Bb3F03539bE74c376580,Cactusx0x,25.78,66.55,7.68
0xB3604B793fcD5f7286fcE5b109763C94D8f20c06,MF_471,16.80,43.47,39.73
0x55933bBE5c95DAD58be3272A1e5e413238C0405A,carlspalabok,32.33,57.41,10.26
0x15F03a85A5d6500DA5C363ed812Bc899f3F31BEA,cellousbriling,31.06,50.82,18.10
0x341e5E358a2BDB79C762A6c5941260ad0c342507,CeviriDaimon,21.35,68.92,9.73
0xec2CaE5e5bAe2756Ce8B91441c49c43a019a7cA3,"ChandlerSAF
",45.79,42.96,11.26
0xbC8744370bCb6D5AbF5dE8B4086ecfBB4C5629C3,"chanvcllun
",16.36,75.37,8.27
0x211D88EDBb32CCb912c6fe0a01680e74611707F5,chatty_nft,34.04,56.11,9.85
0xa4e6d415ceab712b083dcc15a7eb0d057d3c2d1b,"CheddaCheeeze
",23.97,71.29,4.75
0x6CcF36E10ac03A4881458eDBD8684C38723Ef623,Cjroy1st,40.98,48.32,10.69
0xDb1eeD483f7E09Ccd7CAC122f8588cBFbE4783ce,Davenfts,44.54,48.88,6.57
0xCA705afF2c65e9525174bd4654Ca5Dc855Fd8a20,cocomo9046,53.49,39.81,6.69
0x6140b013fd4ACfE15C302B605B5De388Cd8897bd,CoinsVision,28.65,48.91,22.43
0x8F43E39667BFd6D571A7E4A69DF2e5646E92319C,Custardtart7,46.43,41.61,11.94
0x6cc91dcbc8e4e20a5744d9a0737034cf04629747,"countertrademoi
",24.44,56.58,18.98
0x76aF0e6046E8117DfF542E31bcb087A8E6B205dD,Crazed_el,42.44,37.25,20.31
0x8C873a32AfF95BAC53F53B4B22276dd77e98E95c,CulesJoy,28.67,51.79,19.54
0xcd9b37dA6265Ba358009248D43aDa151107efe9A,cupcake05281,15.47,79.27,5.27
0x62b90f03c2C1A7D86696b2Ef980cCcF883bb7277,LLuu0715,75.96,21.58,2.44
0xE1fdA4a4b3C37A01eC5733C0f2886eA10687A5f2,"D_monkey007
",46.73,37.96,15.31
0x78c57000aBADf3F4649Bb78fAee6913787B24bBa,DaanNFTtrader,63.44,31.76,4.78
0xeA16772F63BD68253A60bb5f5409fd6c2C5e37Ef,daddyc_eth,15.09,72.80,12.11
0x1664EAfC12cf3B2991fEe868460A4de72FFE5816,dah_mayor,46.76,37.14,16.10
0xb4fA3120a72932Ef517D8bC5cfC2c4a2174aE3Af,daniildaniileth,37.18,45.56,17.26
0x225E96B3841e683D827a1ae1440a4a78F0D66c26,DavidOshinowo1,58.04,37.33,4.62
0x69d63952eb1156e92a164a4Bf8B822D6D8127B1a,dcniper,50.64,37.37,11.97
0x92fd2b261020CCB259069e602f08e1Cf8782B684,dcntrr,24.11,63.03,12.86
0xEDf29f9BB2Be712dA9b2C7d8ff4DDF6274a85c75,ironnftnft,53.79,42.23,3.97
0xe8Af2757C5dB9B318702E98F2fE3fc1584899669,debrightboy,45.91,45.51,8.57
0x736df54D51e7Ed6F2FB800D4133F607b451cb00a,"DegenElena
",29.99,58.04,11.97
0x4A7a1831D4B7701F8a9CD530072cDD18EaE29404,"deni2_txt
",33.66,52.27,14.07
0x286c4bE923336EBb244ACB226420a22705cef060,dgzje,21.16,68.39,10.46
0x6d15c238676BBbFd913822713d971cDFC170E2DF,DJNFT101,47.12,29.40,23.48
0xB384A7a9c57d5EA414AB4B6cCAc9c2A5DF360e28,dokutahnishishi,12.46,83.43,4.11
0x898976231a95Da9cCB40013E56736c63c0501C4B,Doodbeanz_NFT,65.64,27.82,6.53
0xAAd74959532B32eecCF84D9c759C0db57A8B81d2,DreamerNiek,29.20,62.01,8.79
0xcEAb5F4f56c87d3F0F2BDE9A80202D2d0Bde8017,DrGhost03,41.69,49.95,8.34
0xE5375Eb9C8f155f827831903F039a1E328741976,neurotoxin64,21.16,29.92,48.92
0x2BEF273d457D80B75AA252F786df2c9a2f68601c,Duckyduck6938,46.15,47.72,6.12
0xd116FAc0563aB7785d8bc6Ec5F676b36B0F9FAD3,duygu_sergi,28.95,58.75,12.30
0xdC4a827423E105C71D2B3724559905E8A4306492,easyforshopping,20.49,20.21,59.29
0x24d20170dBc7F5AC80f38Caaa01865A7172b84Fb,Ecmel12855112,33.66,52.22,14.13
0x9297641f076cb555d633E355E3A1ffa236E4F6B8,ElsdonXyz,51.15,40.81,8.02
0x5EA3E60Eb0d6598112c341d3fbBAD14ED5b660e9,EmmanuelBrady10,49.31,37.75,12.95
0xB894064b26FbC7d441058dECC3b8508442a963be,Eragorn_eth,60.24,30.93,8.81
0x11950A12fbcb74Ef86472569d4d93Ba1212d641f,EvanzDaniel1108,57.73,35.88,6.37
0x843D8F567588a93Ae1c43956339279365a7Be1B4,eyoitsfeather,21.46,67.99,10.56
0x454461bFE78A00Cc8f3825DAdCDd8AE4a5215A2a,Fab_leoz,71.57,24.50,3.92
0xCc1bF0C013dcCF7Df6fF86AC0ADCd75eF96F676f,"FadiDrissi
",42.30,40.98,16.72
0xBd8E68602a578ee8f6D4e559138d2D912a408881,fahadarif4,29.22,58.03,12.75
0xb1EF49b7ce670aE9fF8c6feEb60a38b8624E2934,"fayooo333
",39.71,47.06,13.23
0x7a27E2Ead6E36772b0aac6256503C6b9188B69C4,Fey56492334,44.37,43.79,11.82
0xe1B03622c4065443dE6651B1416e6ba44DcD48ee,flipper4202523,21.44,62.08,16.48
0x2882090f7a95c1b96F9621e7aE489f915afC2f33,FlippingProfits,43.42,32.95,23.63
0x5429d0Cf4daEA3c00F2fCd340cBc22756fB0AA89,flurfy_eth,65.67,29.12,5.19
0x7b1A1f732E26c91104914ce1e495F9612d9435d1,footlockeru,36.71,51.31,11.98
0x832Ae5B1a2400c5986CD1541E78375513509cC03,fornownft,24.39,64.10,11.51
0xD64b0dC88d04dA8abda7606104FfC701eF280729,frankforter_boy,37.27,45.29,17.45
0x17276e3ae52e798e9b316871f1f52f986cc6c27b,frankhsu777,46.90,37.48,15.60
0x162430F100E319Bb142133310E37a8A67516F560,FRGMNTS_,15.89,66.52,17.59
0x79682c7D7892df7bDB24847b67C8F08F9dc82CFb,FrncsMrqz,28.83,58.87,12.30
0x77d1046ee44a259cbdd311b011f75279bb7da32b,Fuse_NFT,39.88,43.35,16.76
0x88340710dFF155993D75c2FDbC66dC76e0294380,Fuse_NFT,55.17,36.40,8.42
0x213596fA1750C28EBA8898dE6ef43501bd32fa04,FvckTweater,59.29,33.57,7.12
0xb0fEFA48BA894f0df7836cc19CA2382ED49e160b,"gabriel72207274
",47.60,36.33,16.08
0x85F3E22f469Ffa18D65e5b7Ca23beee2ceA83cBE,GalileoWil,29.56,54.07,16.37
0x1bE2e5c277f77679888B11c9311680fe873d3a3b,GetN00dlez,17.89,74.37,7.74
0x7373bE4AcDcC12309352B63f9428760f427300d0,giciullini,40.96,42.57,16.47
0x36c1a9c894d150465cf53201672534871d24aab5,ayon_rosana,21.23,75.89,2.88
0x6ca93b6a905152a34bec0f8127b189d540d9d923,pontoriero_dee,17.23,73.38,9.39
0xc8b67b1A887E39320d6A2Ec88624051116042E91,bullishyong,65.24,9.37,25.38
0xcbF25d68fB5355Cf2d771d7cE00cc744B5e6d9DC,heyROGE_,12.74,74.25,13.01
0xd9cC03b859942dA54Cf39036cA3F88ed0C4116A3,0xMrBlank,49.39,29.88,20.73
0xbe97179c1A376521Ac4e4415b5110f6d204bce98,mbmweb3,37.17,47.22,15.62
0xe5716A93b16b2cE95361FadF0479F34fb3Bc712b,CalvinStephh,28.12,55.19,16.69
0x2D56AeAC04Bf2Ed584A953d7a34c04acf7748f52,JdotHamilton,28.13,59.77,12.11
0x740B639f20135d6Ae6b6Ee7Af185A623Aa4f912a,Gloria_eth,22.84,60.42,16.75
0x5212000419494f9326FD50C152549103059D9D73,TW_YanChenXu,29.44,54.57,15.99
0xA283f84f26aa29F4311bFA4Ec1B45FdcaF00e31b,hkahn20,48.57,23.69,27.74
0x616009abfD46d98ab7909FD6c2EeC015417EB78C,goksu_cagr62076,18.43,77.21,4.36
0xeb55370405F4dE3071c5EE47cBe37Ec66F3FE5b5,"gondarnft
",22.11,65.57,12.32
0x873Ba3b41f6380c1f1dffe6B6A2ED4Ad9E669182,"gozzagus
",31.89,51.72,16.39
0xD2b170Bd34E2e9182B5B592056Ca611f8e76eB78,grypt0,49.46,38.06,12.48
0x48a89224AEED25a6EB91695FDa523f511DdbE765,GTAgang_90,31.70,49.37,18.92
0xdE564454e567539335082F7FC81b3378ee7dAB4A,HerdOfSquirtle,16.63,67.43,15.94
0xFD01BD1368335EfaA5329F6d48a5E6f74389A3eE,Hinatta112,39.20,46.53,14.10
0x7e4633bC277A8C9C23e8650c9E979927957912B9,douglaslovenft,38.94,15.14,45.93
0x39a9755448D35163716698A21846f2Bf65D3fAe9,hitzz121,51.65,40.92,7.41
0x65867b9171496738F70A1Bd915B39cF1cE9e964e,taehsehun,31.10,18.15,50.75
0xB5D61cA27E8Fec19b8433C03cC5C6603206cf214,iAmLetsGoBaby,46.43,41.61,11.94
0xe7e4270425551531F61615EaDeb3213DC51F7Ea9,Peterr_5089,48.26,9.67,42.07
0x68756B44F219a53427285Ec652D3B70d3748D6Ba,iamsakaiii,14.28,81.23,4.49
0x30e52BcFd21B992Fd33379052D988452dd93EF36,Spoiler_xyz,61.26,6.51,32.23
0xE6D19F24391510627698C7693EA2B3B25cb73323,IamZ0R0,29.64,52.58,17.78
0x2DeD7A9a7C6aa52540E556c9660D505da0b10203,Ibrahimeth77,43.63,38.22,18.15
0x69B06D523a16E061D3DE6e01c5830cb7444d4C4b,IcePeak88,18.93,66.50,14.57
0x388788254CD3C1534d4825654387A8323Ca86E78,icetrinium,53.62,38.20,8.16
0xC6B1306c0a0567e86B44ab63B6eE4Df3FEC1c1B1,invokerrrrr69,73.39,26.04,0.56
0xdabA3dA75204B0C7328417e4CbFa9226920d2AB0,ipsuitano,36.11,48.66,15.24
0x6dA6599a17fa5c7014CA77596f7C52668Ef28C37,IqraEth,29.71,59.28,11.00
0xEE612E09c92cb19c184660877122aBfdBC574A7D,ironnephalem357,19.89,72.81,7.30
0x5973B426c616aF28773d7A1457Bd645a220EA79a,Ivory_nft,30.82,60.87,8.31
0xeb44c7CD2D44046dbee88b549c033f0884C404fC,"jamurao_
",43.58,41.51,14.91
0xF89aCb348eb982f1C2E20798A00500a9892eddD9,Jennife71291047,11.78,76.34,11.88
0xab7456151e27d5075EFfF63d05abcd0F7FFb5E3c,jeseemei,87.37,12.36,0.26
0xF0450314D3FCeD52FB7daaD41a15DAee113ff59D,JinjiKikko33,65.09,25.65,9.25
0x270c45737830a67f669311ba69e7eae73fB9aEd3,Jo3nft,48.79,39.03,12.17
0xe281eF413EDeB939D406ee8f74c217dc044f3b5d,joe_struggs,31.32,53.71,14.97
0xcdAEf60C93Ca6D1F839A05510e593161D02A5824,jumplifey9,52.10,35.57,12.32
0x025CA50d06B4DF39F8095bb4092B6DCfFDe898c7,"Jupiter8981
",44.78,41.79,13.43
0x17d9e671c8d0c73Bd09C14E84a709d5BA004e57E,K01Capitals,16.95,73.54,9.52
0x83F7eAeD161EFD661A8E4f9489825f35a4F21175,kaanneth,43.53,32.25,24.21
0xFa89ec40699Bbfd749c4eb6643dC2B22fF0e2aa6,kazithz,23.04,61.23,15.73
0x6f05B8ff403A0E600188978d4b9999Fd31Da88AD,KellarUrsala,49.23,23.47,27.28
0x2107D9b498635001c6178e8Ec508864d348A7411,kesler,35.85,44.12,20.04
0xbE52B4ed07fE02CCe354226Bbc6294a62cC024B1,Kilian_Sio,21.44,52.65,25.89
0x0e0886a3FDBfbc8fA8ec7FEF815D3E3B4Ed0888b,kimdong1603,38.51,45.73,15.77
0xf7D91b6E32B49720E9598249b6197F1194a15dC4,King_Drofdar,45.39,34.16,20.43
0xc1ec09524E4E8392706313043381Cc4Cd077604A,kingzzangwoo,47.26,31.78,20.96
0x307A6D37382cD6B692e3c870a24f106493cf3A8b,Kinneas_1,16.80,72.56,10.65
0x95363636a696a03c0FBBc7b860F1ff2f6a19379F,kitty38126086,87.37,12.36,0.26
0x7C2956ECa6BF48A2956a03787284BcAB6054E221,"KosherPlug
",37.07,44.71,18.22
0x688D2E8ccBEe728848302d2FdDD08B68BFe7D3ed,krad0x,37.10,51.14,11.75
0x81332A92d10ADb7A4a4ea89185a777B9423841cF,kraftedlofty,21.03,66.30,12.67
0x152AbaDfD716832A600b05227a25E50FaF339d0e,kysonerick2,46.71,34.29,19.01
0xD767bf953D355104737748f22355C0433aA9f3A6,diogomarquezini,32.68,10.13,57.20
0xd8114e9C518A146BceabCD94FB31D122e686Af3f,Lahm_21,13.87,73.23,12.90
0x2d139f186AF5d03971352fBf2fa84Dd27A796136,LaMenas_NFT,42.55,34.32,23.13
0x450883f7E7d0eE3E813676150Fc9C3667CECbaDe,LANqtie2,61.09,33.13,5.77
0x819b125Cd81B41e06011f12B1E37a641c52048aA,LassNft,23.46,67.88,8.66
0xB6228E692a80bf974a6Ced8aaf06d4e40d50d7f8,Lavell07702725,62.37,30.61,7.00
0xA1E33Ec8767361F2045694bB3327A1DE88d9a037,robinace213,91.75,0.19,8.06
0x0b8d52c232C2E90C5840953F58cEb3E199B0b8f5,gnoxxyNFT,44.20,16.07,39.73
0x6c4153d207A85E3ff16B2a014E02D23291105f35,Lee_Republik,33.34,50.38,16.29
0xA050dB47160Cd522D8C72066eE9C162cB4d49cAc,Lighteningz_,48.50,41.45,10.05
0xAF2965BDA9ca6A7148a20aaC46AbC722C8A06c3F,LilBabyGA,10.19,78.42,11.39
0x2FA53FC8FF58989A7E064530EbAF4556AC2D2429,lilvoom,7.53,69.88,22.59
0xDDB2e39f202f5f119Bf1ec2eD1012a2f5a046c92,Hairy_Oyster,38.32,11.58,50.11
0xC3f53FcD8aEdfF47b820b033a5f5b816Df691520,limxunhong123,33.18,43.96,22.86
0x1a64c8ba39FaAdeec66Bb81B3819952a632359D7,Lotus17172,27.70,60.01,12.28
0x773c652ff2c4578d747fae9bbc9066d37a45d3a6,lowkeykreepy,28.28,52.11,19.60
0x49BABFB9939B579DDE0eb86bc9F8B464b1020656,magicbkiller,22.09,25.17,52.74
0x90E32a32f6D211F0C25e611A76479e01e38241Bd,Ronaldoo_NFT,33.53,14.44,52.03
0x002cfCe7088B9711D1df63E48EBc99C3c1b03C3D,TheNXTHype,25.63,5.58,68.79
0x005F47F5ceAa463D972d320dF61b8ec33F4332a8,ArvinMartin13,87.37,0.26,12.36
0x12f2347e107Fa44ABa71A5751CA603e2da072635,LEOO1757,45.31,43.90,10.78
0x00794b7B900165F452e2b02cC191e6b8B6F8F869,linyu6661,22.00,14.08,63.92
0x130D88903f9926ad7c1eBA2962c8B1b64bccd821,90Mert90,36.38,17.91,45.72
0x007ee3020c7682576649b3f9245812d3b3ac68e6,chain3sd,60.84,5.40,33.75
0x0082cC1AED30cf1Fe197F8513d365896d3f56f30,haico5991,32.03,16.76,51.22
0x0093D6354842cd1938CB5CdBa36B5591549b5d4a,thunderxdxd,25.93,15.49,58.58
0x00BAf62AD6BF770CAe2C21F488191708c0829050,gumandiw,18.69,15.28,66.04
0x00d03f805Fa52aca5C0387db663ff2EE530a043C,ababiluk2,47.13,13.62,39.25
0x00d661d449785cAB9e984081aBD866A039AA8b8d,KevinPark84,30.94,9.89,59.16
0x00E527cf1F4FdB4c79744F1E49cBB1Ed2B8E63ba,hunk_mike,59.12,9.46,31.42
0x00eb6875aBbf6A1affaE107eA776A52a7fe55CE6,itschaz_eth,46.68,15.05,38.27
0x00Fb2f6f0128303bD70E9427Bd360bf880AD4Aec,Fryk_NFT,67.14,6.94,25.92
0x0107CE60333B78B353370aE4FacBeB7Ac8545F02,vintage_river,47.75,8.41,43.84
0x010d69c269eE281b970cCc8F98351e4d676D4C91,SCAMKIMM,49.40,9.20,41.40
0x0110486f702e2bd4acaaf8c1552965bda4bd267d,erifevanfry,47.31,9.86,42.83
0x01180F770161351e946f6665befA13beb56898fA,floridapearl_,46.90,12.90,40.21
0x011a87C5262DDF534deA6097080Ff82a6e7c32e6,alexp127,34.97,18.43,46.60
0x01205B6D94216b8bb7885507706F2bF989753839,jorj__sol,22.97,19.38,57.65
0x0136Edd91aa2719dbe0C1201606D2Cd727cBCcfC,Sherv1n_eth,26.05,27.43,46.53
0x013D0b8abbA91a793162EDFc1361F89E2114C01d,PaulB90063338,30.23,22.96,46.81
0x01414F6A48eE04dCb3c12259e3801D183b8Dc564,AdegbolaJoshua8,33.17,14.79,52.04
0x01A38789208dcE5B9961D9c8A3C1BF2c2E831A92,mateooo48,35.28,15.62,49.10
0x01E03CD23C7727d995f6eC716c097266a4e68B29,jayabs_eth,47.15,10.87,41.98
0x02082f45eE3A5d224e0e0d5E79FCD271FEedBf8A,invkenny_,46.98,8.76,44.26
0x0209DAde99eE725ADCd98d849F7250020A8017fA,iiaone,28.57,10.84,60.59
0x0220b3f1088818EAa289aD307fFc55F916382806,DariousWong,61.15,6.14,32.71
0x5E5c245010A1f6651ec408BcbDD93BE39E56ea82,NonCristobal,28.45,15.34,56.21
0x022d216aaF6DfC95Ab4C5294B4453e10AC1ECCA8,NftsSingh,66.65,4.95,28.40
0x02317BB3f16cE21e9239C217B21Bd18Aa24ab0D3,MihaiHrimiuc,66.59,5.08,28.32
0x023B951D66e0CFfE7d167aD7F567A260FC84799D,DwaynieA,36.33,13.74,49.93
0x0242fa83a30cc95E53658D0DA6f3c0D0a178C0B7,0xandy00,26.93,18.47,54.60
0x5541987c482aF91d0086984A0B56Da45dbB2E1DF,luanlobo9,42.77,37.58,19.65
0x0265F7b86309188aFEbE281cAC96BC0bB0CCDB57,KarieCrocker3,63.50,7.16,29.35
0x0271069A8AD27cBCE4530f9A32df4Ee4E85999DC,JamieNFTOliver,51.61,13.46,34.93
0x027cD2B3b7D736B283d768687A072cCE7150D98f,bigchance18,29.68,12.25,58.07
0x028853ab5668752B1AaCF101f420f8c2d215E88A,minakitkat22,72.00,7.98,20.03
0x02A9EFc56280da25a979488de13D63C0E1235857,shpaeman,34.82,19.55,45.63
0x02c7A3B61bdb905b9Fba3017431E8844b8C967C6,leady53,38.61,15.27,46.12
0x02EfC390c8c60e978e991B15D71EBAA34783f090,quickpathh,22.66,18.66,58.68
0x02f8f757957c5bf9170E1950278eAFd41F921E7A,ImNotifiedNato,11.79,30.31,57.90
0x0309687e16457cB4500E2E85aB13860b7a876Ac7,_SymphonySong,31.33,14.43,54.24
0x03098a0Ce26224bd072255Df7f20007AEA03eB35,kekeggggg,30.19,11.31,58.51
0x0316e062b4c37415b342FedC04266f9E7A715078,EH74316041,66.80,3.60,29.59
0x031f2147E9eC8d00bD463CDCD263D3646D91AC3e,kevinlight22,32.68,12.76,54.56
0x0344Fb9eA9D5081cE9BffcC64fDcDfF8b4D5a631,TheOgreGINAC,38.02,15.39,46.59
0x035000529cffe9f04db8e81b7a53807e63eeac12,realpoorwhale,40.40,8.15,51.45
0x0376De0C2c8A2c8916Dab716d47D9652087C2918,bliss_Blissss,50.34,10.93,38.73
0x0378dfbe1150f292e666aa0f668d33064c15bcca,0xjaime,21.20,27.98,50.82
0x74AA2E6dCed35279ED2512d45C11dEBF2d1e4ADb,cyberAway,23.62,18.82,57.55
0x03C6547A6935Ec26dc9c9440bbE758afB2E06797,ImGroot66,40.38,18.49,41.13
0x03d4c0c3649e09bF0112a14A07bCe480F6Ab99fA,Miksnfts,24.92,17.60,57.48
0x03d7aE0abeb060C1f66e2fA1E13b845113b9D1b0,brokerge91,12.81,50.51,36.69
0x03E0BB5007C079387DA3581c9B7f36Ca6d56D3D5,kosta_spak,37.41,12.45,50.14
0x03ef78b8bdf07455dBdc2dD96b8F120913CCfFaA,collegeofjpg,14.76,25.79,59.45
0x03FEfbC8bcfb107D89f7d8AFe0717dd3251522be,hatoeth,56.13,7.61,36.25
0x0403E1A20EfdbDa42a9261E1Badd5B25fDd9c83f,dpd2k5,48.74,15.30,35.96
0x041635715c70ea53C35552Ee6d1fAF34b4c9E8fA,Roncabz_5402,40.83,10.99,48.18
0x04453C4a56c9eAddf4141Fb64365cc69c2438Fc4,liviafraga78,87.37,0.26,12.36
0x0464b852cd3A113EDb77b57Ca97a9A0dEea5e433,kitkit0628,27.89,13.98,58.13
0x0474C08a98f6845F0aa857D2eb411732Cf543dF4,jacob56528230,31.59,15.14,53.28
0x047D6F2285C5fFEaB610c927DE6f86a2B2e9e738,tikorita_eth,36.78,19.06,44.15
0x0485e97B948E1Cb5688251f8F3b4C86751512e60,juicyprofit,55.91,0.83,43.25
0x04B98dc3B9fe0C5BB6C47DF76a73F7558933e0d8,0xbeefbowl,87.37,0.26,12.36
0x04f1b50B42798F9ACFdc75A6E70BCd16bd87DE00,HalfBaked888,51.78,12.81,35.42
0x050629139F2198ad0585087512b5e9Ec2c7c833A,LJH790728,19.83,19.12,61.05
0x0558A24a402cBe4bF3d10fb43dd0f6252B1EA884,NFTTTODAYJUNIOR,23.42,29.23,47.36
0x055b6328faea08bfad770cf3e2d86b6a04c3b83c,RickTheC137,59.49,5.77,34.73
0x0567bCFe726617194307649858ecc3b438018419,nmsleth,39.37,8.44,52.19
0x05bd3f7279D9b501E0715f7EB631cc7D2d4A99Ef,Reza26401177790,87.37,0.26,12.36
0x05bE68a81C65322370F9c20683b9Bb2d1794EF3c,DegenRaider,55.04,14.15,30.82
0x05dCf2D321c894e1c53891B1A4A980f96DbA5F91,titikmulainft,28.25,28.03,43.72
0x05de7185d0a89c40ef6a4b684296debfd2e7bd0d,over2316,52.71,13.36,33.93
0x05F708722e5D9A3E3bD9360056CF3Ac109FB4A81,kjinfries,53.02,15.27,31.71
0xf9DE78FfBc6b9507Bf3eA35C488223b66261a3e5,sohaibshafiq152,59.92,6.07,34.01
0x0605280F557eFC0547e0eee66bbfCc052294126a,bad00karma,42.67,11.00,46.33
0x060f9e1F8b2038f4598b14FA8F4a49b66381Ea7e,kovacs_taiji,60.05,4.68,35.28
0x0638C6922b20B296ad829A7da06034a803B3dbeD,zumo999,38.60,14.72,46.68
0x064a6b40faF392b66EDA61ad2A56e980A0eAb080,Zokobruh,30.07,18.10,51.83
0x06578a3DdC4714cD658f15D9dA00dFfcE07d874C,Denis_hudb3r,51.97,13.98,34.05
0x0658b9176C53d5346177854717d38B3518Da0491,blisknftnft,51.39,4.70,43.91
0x065A13e1F790A00E9c0Ad208D304905eB5261d4A,AysinMutlu2,87.37,0.26,12.36
0x0677235548C5a0c6F859bedBF63E9d465F3609Cd,Poseidon10888,48.72,12.38,38.90
0x067753A1d65293af77c0074B2afd535D3cbC21ED,BenG_83,47.55,11.96,40.49
0x0677E11DEDDeA6B49a96792afc23501199aE9249,titanti66088404,15.22,10.15,74.63
0x0679f9107298AdC4e7CCa3cBf0088e875e8FCD71,SmolThreads,39.26,14.22,46.52
0x0684518BFe8014a5A72E1695DF4cB6b3f7274bB1,tApA_v2,62.43,5.83,31.75
0x06BE72D7b49915D10A7768A7F44e97D042D8291e,chen75846822,34.39,11.07,54.54
0x06C723787DEd486Fbb5677D52517756783402b3B,AnkitM_,28.09,21.02,50.88
0x06C86D073D4D72498CcEE446a5179AD50b3A2156,armeltonyan,19.56,50.22,30.22
0x06Ea9920a5010ad814FB838f059beb0967E676E5,roynohra,35.64,21.06,43.30
0x06ef623e6c10e397a0f2dffa8c982125328e398c,ianhooi88,28.53,25.40,46.07
0x06fAC54086936c4F3dc37Ff3E47f45cf59105825,nftchuck5,23.98,21.38,54.65
0x0705f087FB70C784094Ac6482a38AbA82a73Aca7,KahmanRafa,66.53,7.14,26.33
0x071Bf78F3c0483C0Af2844Cb129656E402068B47,anita8212,39.11,11.27,49.62
0x071d834a072d3bBC5996e01C38Ab64d1A256Be22,isidore_powell,58.79,13.59,27.62
0x0764f984d93df2bf47b75e870984c480e3db6ab5,ejalt_777,36.53,12.26,51.21
0x07666aBA90fBd20086CB9A22579d7b84bFf5Cbc8,Wavvy666,63.20,3.60,33.20
0x0774607C4873f1953e20D7e28BaBC29c9A8120F2,SuperKoala24,47.47,21.67,30.86
0x078C5D9ae0b38C658A0d4f77e03A142CFaf6D769,NFTeeen,30.22,29.49,40.29
0x078CC4caa131eB9d6D3E31847946d5F37fd3F58b,maverick23NFT,35.53,17.37,47.09
0x07d01ee0b61dc7d3d572a5cb73f7df6c05feb1aa,zepher_360,52.13,9.13,38.74
0x07E27D09f797bE31031Aa9c5c4030c07EC1eF89C,twittelating,27.10,16.13,56.77
0x07f088b3700675aECfB3d507A541416F047B3b9f,Miksnfts,24.92,17.60,57.48
0x07f9060947926366A4CB928b2a9F929b1Babb3Be,MariaUpsan,50.51,8.60,40.89
0x07fC676A307F41dfa7e53b285cF87305B9ab940A,Mikeson125,26.89,10.48,62.63
0x0815106E8f0Ffb800Ed09116615E8DfAf40593c7,jinalpatelcp,32.28,17.19,50.53
0x0824dD5Cc7E27A1FB400e9E54BAAf3bF8dA793D0,InvisionAlpha_,67.65,6.42,25.93
0x0871207802068Cd3668db13e39A210b1a5f045Be,jetlee0828,45.35,7.70,46.95
0x08a7bcC503C5a2bF49f320F7C298C958DBD09Fa1,Siren95_eth,36.54,12.86,50.60
0x08bEb789A5A2eDd88C4C79F7025c4Fa3aB03087f,gingabtw,42.29,14.72,43.00
0x08D1C90A8D2d6aD0e7c8D012187EBeDF88E51d25,gabcutie29,29.37,18.26,52.37
0x08E8d4A308c410F42AbfC31C6195a3B2C3138Cd6,doublebeets,59.43,9.01,31.56
0x08f739554057d1cccabD8C2FB3CC68FE1CC91523,mr_rosko,40.23,12.51,47.25
0x09053693d3E8dEA1C45f72140fE57b00A2921d5d,wallstreetship,36.06,16.18,47.76
0x090AA18157399c2BE261064ac80C186FBFe98b95,kevjumbaju1ce,45.78,13.88,40.34
0x092308B90D25411273A0bc0d2a8CfCE1bEaE92e5,ChideraEjefoh,87.37,0.26,12.36
0x0940800902647F5B813C8382ACA8a28Fc84d9CE8,longguynft,43.39,14.17,42.44
0x0949f99a8b6CFeF5524AFC1bbF8f556863D38392,KIR_CG,20.51,23.18,56.31
0x095ca8B2A9A5D2fC60984764D117E9F3aC39F860,Usagi_NFT,65.60,4.35,30.05
0x096571A14F9c1a5Ec896c19A1d15F601C03A2a3e,NFTButcher222,31.40,12.71,55.89
0x096B405C3A81E68235d43fEc2B41c28cB7248f30,Jongigan,87.37,0.26,12.36
0x097dd902ddc02b0458e957815ef9d71fab9ca57e,Lean72767456,58.91,3.65,37.44
0x0989Ec61a55EEC27065e54aE8Db64f56bCa86F7b,javadlatifii,61.38,3.12,35.50
0x098cAC4e18B44C80BB782Cc683078452A0dBB1d6,Hazzi005,50.25,9.62,40.13
0x09901f512bFD68a8f4a2e40f6750D5237Fc9Ce3f,Chigs_5530,65.17,4.98,29.85
0x099A3fc56b898696764e08829E6426FaC2308cc7,arjana22,57.80,17.71,24.49
0x09c31fA66cB8f3438092EA9E0552b99D32304dBE,RevolutionRese1,47.64,10.17,42.19
0x09Ea7523eD74822Cdf365c83A1088b70a1b65b91,GlurakC,27.41,20.21,52.38
0x0a0FD254a278C9099D4BDaDb9Da81B9dE4Ddc61a,soyalrun,38.36,12.22,49.42
0x0a15D61147C8a0b6f512C0202491278286a298B4,main_0x,44.75,19.14,36.12
0x0A2F9a25ba796b3cfCc0a935A2Cc29f5956EF3C1,MadaraSensei_,37.22,11.33,51.46
0x0A4Bc794bF1376670900a38D91dD75e1E090283F,SimonOnChain,36.21,17.29,46.50
0x0AA2C57428a6b18494Bf9Cb3aa2003569016C2a3,NikolayBaev1994,35.30,18.27,46.43
0x0AA77Ae9dce28228348FB09f7Efbd04Ff225Eb3D,applenezuko,31.12,14.59,54.29
0x0Ada4Adf3597967F784dAFb51DFbcc9e64956505,yatseeva,40.62,10.07,49.31
0x0AE0Cb0f0C23fD9F728c063605993416b14B5cB2,16Milidelvalle,7.28,11.21,81.50
0x0AFb942fc70c7412481FEa886d99AA7eA5F5E3Bb,Mikki09823228,63.49,4.20,32.31
0x0AFbC56D1BD2c13a8D5B395Dcf0c0776f72D41AE,fisherman_eth,56.36,10.26,33.39
0x0b0e611ad7c8750d3457ec9cfe20f39009b6c9e0,SantoTrapt_eth,55.20,4.82,39.98
0x0B234e380A029ACD6715db790f242fa0BcEeA339,Dimop_19,47.05,14.90,38.05
0x0B24Dc8537340DCF4FF89f522F32ceb6395ef396,ababiluk2,47.13,13.62,39.25
0x0b5954fdA0C03cb48432Cd4309a5deA41296774d,tuncaliyasin,34.54,12.64,52.81
0x0b66051307c41e6e32d830845c49db63f7275bee,rob16165097,28.70,17.87,53.43
0x0B677fDe9db78543869ac728E11738e8caed4d36,trainchuchuu,47.95,8.73,43.32
0x0B6C17d16D3002bb866EA01b89BfB3c6Dd94A1A0,celloboy28,52.16,16.66,31.17
0x0b6E8DBd989689cD14D5d66B701406e4CFADC4Ee,JthingJ,36.67,13.31,50.02
0x0B9E0bE8CF299F04952C6313Ed81Af813F6E1361,ZeeOrangeone,87.37,0.26,12.36
0x0ba179d5a00310c78c2535138fe08c77ca269424,Basem1nt,30.51,19.26,50.23
0x0bB71E5794fCba4a8d935970F2B2732dEBED9D66,Banhquy_dua,53.16,5.80,41.03
0x0BD9C67aB3CA815FeFa158aFBF697512bfa5Cc82,Deweyy209,33.48,17.03,49.49
0x0bddc86793a5aae1fd0f5cb70f5d5f47fe48d759,Aleksan24257501,51.98,2.70,45.32
0x0Be517D05b7859c2009FA0c3901a02965A951DfF,D6G9N,77.20,0.99,21.81
0x0bEDbfdbb516001d432cB91b0d0669c5f3E32ef3,jonasblockovich,49.77,7.82,42.41
0x0BF59a6B177397F84980a9394b29A9688479639B,MustyDiapers,33.07,23.94,43.00
0x0c08db8476f1ab81ca85f516ef29e9f7786f3835,polkaguy,48.55,6.92,44.53
0x0c246E85F612b1bFC3bB4E49C3a82c95dEB02010,andrea_derecho,30.06,14.02,55.92
0x0C2dE1F6d2389975797eD2F40489654dB82db13f,badbu69y,17.23,11.52,71.25
0x0c30F33E4c611165Fc3577D450dC01811E983e2F,elus1veG,47.25,10.08,42.67
0x0c41684841245296DA6c5DfcA8e9CD0bd47181d1,the_preema,44.49,9.47,46.04
0x0c54CcFE2535eA1fC2497760Dd2185C59B234Da0,PatryxNft,46.04,13.80,40.16
0x0C7f51A2af0526d35bE140c9Ccbc22637160Ce5C,mohsentahazade,31.42,15.87,52.71
0x0c867B614f94535183F6DD4af4c3239F17fb1BDa,ClintonKarter0,57.87,8.50,33.64
0x0C95b1e86d71Db0A0EDB894b367f3b9590a9008f,BigbossYGG,29.24,9.55,61.22
0x0C96A245E754B548bCe323ced3Ef6412243bDBe8,R34_PinkiePie,39.18,14.86,45.95
0x0cB0c586733B225a4612FEB851F499881f3a18Bc,_b0mb4rd,44.15,15.42,40.43
0x0cb58b040651588BDa898392565664C4a84E207E,sam_san369,46.17,9.87,43.96
0x0cb7704544b70d22e248f80987Bf1E4416F1eDeE,Hov_B1,57.84,11.76,30.40
0x0cC37689495dd253Ae95c71C02676808005398F8,minteddestiny,44.12,18.43,37.45
0x0ccab1b6df6E319d1F53FF041c9fc797939F6929,underground,44.77,7.85,47.39
0x0CCfA1c3441F3fEbDcEE067bd1Cbe3af7BBB614b,HarmanK94532871,28.23,7.03,64.73
0x0D6460aAf16a60ceb7a375f9fd382A7A3Fe08705,CryptoOnions,41.90,17.29,40.81
0x0d72edcc9c920b047c20084180e770931b62b2fb,Py_Xuan,44.08,11.61,44.31
0x0d84CB3F43b5249e9227C4ed03180604aB14801b,NftSavas,29.30,11.97,58.73
0x0d8f37352951bf6b6bc7ac3feaacfc25754acb07,nomanoke1970,79.48,3.18,17.33
0x0d95d8C4497B0EF2C460D929d57425A474339879,_SymphonySong,31.33,14.43,54.24
0x0d99ff40245F0955B9bD4A156FED47afefa0B166,dxx_nost,61.58,7.60,30.81
0x0dA17a3dD18493701a54f6cA2595293A6a3197f1,Meta_Mystery,44.78,14.07,41.16
0x0Dab641FD6CD319Cd5149c28AF57980d1c7BB64a,0x_Spam,71.98,4.56,23.46
0x0db1042C5427056707709b6A66d4f3345F74AF65,haliperryhair1,68.76,5.37,25.86
0x0db6b33a69c73194625ef765e5D386dfcB036Df4,hkahn20,48.57,23.69,27.74
0x0dbEb3A305A643492B1C1d9D747e3327948850C8,kurtcobangbang,40.31,12.27,47.42
0x0DC87F37Acb9E6653991Fd365Cd92C142d07D43a,sello228,30.89,17.12,51.99
0x0e06Bd0c9D39a1e98Ffdb3ec91F49d806317ff21,macs0x,38.40,10.98,50.62
0x0e1d4c43f8ceff3b7570343e4aea4abbdca1013f,disinfettantee,29.46,18.03,52.50
0x0e42d8fcf5166d332ce8df3b65c5e20468fb7359,__ohhimark,17.97,27.15,54.88
0x0e4846713d0Ad8aC565b938dE090868b27e48227,jujujuls_12,43.15,12.81,44.05
0x0E4DD15bC3dcF29bfB5C15831Bcff6f0DC6aef4a,kez4twez,19.02,34.21,46.77
0x0e518D319c26B7781D5aE12876F55e5D230F0BBa,KyrgioNFT,48.95,5.00,46.05
0x0e78ee060da76690fdd83a7e801f3e0e34c40341,DariousWong,61.15,6.14,32.71
0x0e7ab5baf8f7886b0a0ae82d348ebc041407e7d9,0xPXWX,43.15,8.76,48.08
0x0E9f8aD0844c7B14E2456f1625e5Af929Dba59ec,gt_eth,35.05,17.01,47.94
0x0e9fd509b994B967bfCd66177890F7a72AA001E6,blockchainedboy,22.62,18.82,58.56
0x0Edfa76A60D989B8911C8E9E949a9854B0607fE5,KaybanTK,56.89,2.18,40.92
0x0ee28b8b8655ece3d0fd1aab8f54c560a7078fcc,aetevoLtaP,40.91,10.38,48.72
0x0eEb1b4854252Fa5E1DefBF4c441315e2AbD279A,TheAuWolf,29.50,23.07,47.43
0x0EFcd0773330a483e2f456d25d69311dDe65E3A7,meaveknows,66.54,7.15,26.31
0x0f0a734342F43986EE2C8d0f8A20dF349dD72C36,donairdegen,51.79,11.95,36.26
0x0F1163EA525b10D85E8bd2E3EC8479A80DaC96AE,comodonftnft,56.82,1.79,41.39
0x0f1E4f6b12195a75bC28003A5d8b8406A84ad468,Izzy_NFT,45.08,15.90,39.02
0x0f2dbbdeb4e9a9659be1787540bce7df5f454680,ZestyZif,34.78,18.07,47.15
0x0f5793853fE57A7ce13e8A899640178bB1337bE1,jippyjango,23.90,27.67,48.43
0x0F8c31E97246d7A3C75C266c8779cC015A50B70D,asooka_3,61.66,5.48,32.86
0x0f9E037386a64056F7228212445E195c8d9A1699,nabeelchow,43.81,18.38,37.81
0x0fB7e021697C7BF78F12f764330915D43D2EAcEc,hazarbutsad,37.55,14.02,48.43
0x0FBecaf751F2E8C48471003Fe1C656acd048B7C9,GucciManCoin1,48.87,10.69,40.44
0x0Fc0F78fc939606db65F5BBF2F3715262C0b2F6E,starl3xx,49.90,13.10,37.00
0x0Fd81c23fDE664f1a48e121B548beE1B347daD0F,mucholoco99,68.66,2.31,29.03
0x0fd8eb397c2aae7c35222dd6623e08f239cebf8f,Rizwan89856640,46.59,8.00,45.41
0x100773e93860375c8d35c347180ef667ab1ecc4e,Statikk_nft,31.57,11.00,57.43
0x1031079474A946c410CcC0D61815d273437a88b0,0xKira900,46.71,7.75,45.54
0x1042527c79AD7cf8A5A646D0Fdf12d235074fc0C,boykid_eth,48.21,11.73,40.07
0x1049104a3393782c3d0A2acE8f4CBb811b88b2BB,Arkvalor,32.08,7.45,60.47
0x10546eD1c80F3D898a004eaF6C8c5Dc66c5563cF,operanftnft,70.69,0.83,28.47
0x107edC2363F3A86C54e8d9d0bacE106c23b1D938,ocubann,29.99,23.06,46.95
0x10883fe498057D42A48f32d547525c286a982c19,ShawnWong2022,53.19,4.88,41.93
0x109440CBe5b508A7063ca126c88b0F81D3829575,EOKHO90,32.72,10.95,56.33
0x10d2F5a375185898F7798e1203675231F7679B77,SNagakami,67.57,4.74,27.69
0x110177710aD083ecfda2e73Ae4ca6925dD6e9495,0xPinkyC,15.92,15.41,68.67
0x11125430aa34686A088145Ca8aAfCE7Dba3d0Df7,AJ20140425,39.42,10.18,50.39
0x111F25c7DFf8C6486336249a72672cA462718166,RichardRSong,51.86,9.70,38.44
0x11222Af4B6d3F3c81B4CCAb6DC07B154aAeC68C4,RimKpo,44.27,5.03,50.70
0x112bE03d14f832A56AA18559190E37BdD18e7DC2,g0dique,48.51,11.22,40.27
0x112d62b9b1deaa943e8befb7270a9167c7b95838,ausdemaus,61.41,8.19,30.40
0x3aD1502a05e7f0c98645454F24A85052120102a9,Lubaina97,43.69,44.65,11.65
0x11456102467584fb6D1da41F8103a37f68C251dA,naomishanae,87.37,0.26,12.36
0x1157261d71359053ba4373404375b5D7DE0dcbac,RichardRSong,51.86,9.70,38.44
0x115d71d3527F677B8fa645A89ed8d30D6E96021c,napoleon___c,49.61,10.23,40.16
0x117582162a277616Dc2911678F56F37669deb1ac,lymysayla,21.52,24.50,53.98
0x11ca77a7ff3a14d992E70bf042f056485a40A4A6,Juz_eN,24.46,26.33,49.21
0x11db331c128E9d4EAb6a4b363A868e2525619c60,TW_DXB,52.12,16.64,31.24
0x11ea3fcCe6F24C2f331620C08c61c1DC334EF7aC,oflavia4,62.11,6.55,31.33
0x11f71ff243d59334d68594b3e3be50ee75c343e7,SatosheeshETH,42.15,11.87,45.98
0x120eb1488b59b0dac00c2e4a819094128a9f4e96,socialDRE9,25.51,15.55,58.93
0x122D5604A4146E5bDf5c8584a614fab0Aa28CD1d,sunlyhot,62.73,1.69,35.57
0x1234b24b4FE7FA022430b563D033e74544ac30Cc,LFTMBatista,28.62,21.06,50.32
0x1236502C3C269BDd3948773e814f273a682C8339,tenthusiast99,60.78,7.73,31.49
0x1238F8749D631dc145b98CdC8c49d4011Cf075a8,Irrigatedd,39.14,14.62,46.24
0x1254733FC38F14aB764d2448f4c7EF90062E1884,DobeyDick,64.18,7.08,28.73
0x1260245470260ac805fc5D8af56EF5EF5D35f870,Bben_Neson,62.50,5.59,31.91
0x126881c1d923786F15B1EE0A458CfdcF4cb963e4,M_rami,56.73,7.16,36.11
0x12911446b43940Ad0E60F1355105Da35DA97Feec,Julioferreira__,40.55,4.01,55.44
0x12C3d1d971728582ED725a93d2C2A7023921Fad7,NFT_Lingth,87.37,0.26,12.36
0x12C3FF8ea3F9433b3874eA7aeF40abaC833De3DD,sanku_eth,33.60,14.58,51.82
0x12f0A491cdE2d46D9331315bFd50C41D18205628,AlphaDaveNFT,41.04,12.40,46.56
0x12fec96863f5a1b6fd3f10392fce2d9fb54db76b,kiranmicrois6,28.89,16.68,54.43
0x131009DECd27dd045900d864A8a5635F15739639,beardguy53,58.03,8.35,33.63
0x13208D499841bc489FF75B528e85A23f325F19da,dabasireth,30.31,5.80,63.89
0x135FB3c7e03F51d29C895a3793c7bD1C01Dd6837,northbeastpole,33.30,24.02,42.68
0x136e409d3C13DbF044d8eCa5e6c22cb0a7915500,GanjaGymGod,44.33,11.21,44.45
0x13a883c96B3a5F9b6a18E14a082459C8c5F349d5,ottimisto08,58.65,8.00,33.35
0x13c2a9bd09858dc078f66934fb85dc96be4bd668,Random_adj,11.38,17.81,70.81
0x13C7779Dca042a1BE2f38Cb3D934F7BAC6f5B067,maiwenxin1,19.70,14.50,65.80
0x13Dc1651E4109e4a50d66Bb558afF988c2345D9E,chiyoagain,39.59,7.77,52.64
0x1400364b8956c603E973c74c8D5Df3Bd69D22171,lamonia,87.37,0.26,12.36
0x1418d46f98CE1e3E8e7d68B8a7B8fe798433D28e,WasaiuA,32.59,14.37,53.04
0x14475F3B886634dcD501EBc0Fd555660946F52B8,quazzarmusic,61.26,6.72,32.03
0x1469b2d79b11D63b39627c0ADABfd3D6dbB55054,crypto_jjiang,7.94,22.37,69.69
0x1480835AdBD1EAe1c95c0e1C73558f686Dc5B9C4,nuttyseal,29.02,29.45,41.53
0x148288F0D32fd439Fdd1087758Fab84494CF8A8D,NFTVik_,60.88,8.87,30.25
0x1497B07CCcd05dfbB7d6Ce4277ED510715559A4F,cryptocaro69,89.49,0.43,10.09
0x149C34E9297a38367cf343446e123Cc5fB56bDF0,bitcrazy90,40.18,9.14,50.68
0x14aAA573C021cd9D7e863f4979371b6063B0c1E3,jambandnft,62.15,7.09,30.76
0x14aD5D88b38132ca895974E7ab751CE504F34439,karl____j,22.76,9.90,67.34
0x14B593548E01BAC24dbC7911AC46d0cE383EcF76,D10Second,33.58,14.51,51.91
0x14bCB23DF6283b12B8143c42611A24c0d0DF2E03,KyrgioNFT,48.95,5.00,46.05
0x14dd4FBB0708aF74Bd3F86698122c6F3829b1462,loikmoisan,61.20,7.85,30.95
0x1517abeb7421843b58Ea39180B3f81a295ed8225,fepz_,34.74,15.88,49.37
0x152606aCd19002C980FC5da7D893F2056c292E3d,HKJC_NFT,26.21,14.90,58.89
0x1537DC9695e8f5D9B54ecB8a8526b21e2a7C7B36,reign_web3,38.66,11.97,49.36
0x154a6f1DEc14b37fF7Fc32049FcC9B17830E7FC4,RonaldBrowne17,87.37,0.26,12.36
0x0b16d9F28C3c6Dd3A89b5ff40e2aE860888f2D78,lucky650719291,29.43,55.02,15.55
0x1558FCE378AA30C53576881C0172B91B383AC442,scofoldNFT,42.92,13.66,43.42
0x15746db00296Bf2f394768956beb225A71AD7B1c,0xSkim,51.85,8.98,39.17
0x157605Df2F339e8FeFA71C95cd65bFA6A47B40d0,FelixRestrepo1,53.47,8.69,37.83
0x159c9B30E9B84DA6e8b068f18e0474e96828f85F,khatushyamji9,56.93,6.71,36.36
0x15A50e8b17880DFF74e5D488a811530AD3eA775D,yoga66618,91.59,0.26,8.15
0x15AF3cC8010e09d4DfC165e6D953143ae4DF7eD4,LancelotTruman2,87.37,0.26,12.36
0x15b92fB69ab6977F4B97a67893333E0107C5e1Eb,rom1watch,88.51,2.41,9.08
0x15bB74aF5A3510912A099f89d455E140D5eF2CEE,shnmnghish1,87.37,0.26,12.36
0x15bD815A3F6Fb351b06Df8B0b82e0bE63a529270,HandznFeet,48.18,15.41,36.41